CellID	Cell type
X1000100301.A1	ductal
X1000100301.A10	ductal
X1000100301.A12	delta
X1000100301.A2	ductal
X1000100301.A3	ductal
X1000100301.A4	acinar
X1000100301.A5	ductal
X1000100301.A6	ductal
X1000100301.A7	acinar
X1000100301.A8	ductal
X1000100301.B1	acinar
X1000100301.B11	ductal
X1000100301.B12	acinar
X1000100301.B3	ductal
X1000100301.B5	ductal
X1000100301.B6	ductal
X1000100301.B9	acinar
X1000100301.C1	acinar
X1000100301.C10	acinar
X1000100301.C11	ductal
X1000100301.C3	ductal
X1000100301.C5	ductal
X1000100301.C7	ductal
X1000100301.C9	ductal
X1000100301.D10	acinar
X1000100301.D12	ductal
X1000100301.D2	acinar
X1000100301.D3	ductal
X1000100301.D4	ductal
X1000100301.D5	ductal
X1000100301.D6	ductal
X1000100301.D8	ductal
X1000100301.E1	acinar
X1000100301.E2	ductal
X1000100301.E3	acinar
X1000100301.E6	ductal
X1000100301.E9	acinar
X1000100301.F1	epsilon
X1000100301.F10	ductal
X1000100301.F11	acinar
X1000100301.F12	acinar
X1000100301.F2	ductal
X1000100301.F3	acinar
X1000100301.F4	acinar
X1000100301.F5	ductal
X1000100301.F6	ductal
X1000100301.F7	ductal
X1000100301.F8	ductal
X1000100301.G1	ductal
X1000100301.G11	acinar
X1000100301.G2	ductal
X1000100301.G4	acinar
X1000100301.G5	acinar
X1000100301.G6	ductal
X1000100301.G8	epsilon
X1000100301.G9	acinar
X1000100301.H1	acinar
X1000100301.H12	acinar
X1000100301.H3	acinar
X1000100301.H4	acinar
X1000100301.H5	acinar
X1000100301.H7	ductal
X1000100301.H8	acinar
X1000100301.H9	ductal
X1000100302.A1	epsilon
X1000100302.A10	epsilon
X1000100302.A11	ductal
X1000100302.A2	ductal
X1000100302.A3	ductal
X1000100302.A5	acinar
X1000100302.A6	acinar
X1000100302.A7	ductal
X1000100302.A9	acinar
X1000100302.B10	ductal
X1000100302.B11	epsilon
X1000100302.B2	ductal
X1000100302.B3	acinar
X1000100302.B4	epsilon
X1000100302.B6	ductal
X1000100302.B7	epsilon
X1000100302.B9	acinar
X1000100302.C1	epsilon
X1000100302.C10	epsilon
X1000100302.C11	epsilon
X1000100302.C2	epsilon
X1000100302.C3	acinar
X1000100302.C5	epsilon
X1000100302.C8	acinar
X1000100302.C9	epsilon
X1000100302.D1	epsilon
X1000100302.D10	epsilon
X1000100302.D2	acinar
X1000100302.D3	acinar
X1000100302.D4	epsilon
X1000100302.D6	epsilon
X1000100302.D7	acinar
X1000100302.D8	epsilon
X1000100302.D9	epsilon
X1000100302.E1	acinar
X1000100302.E10	ductal
X1000100302.E11	epsilon
X1000100302.E2	epsilon
X1000100302.E3	acinar
X1000100302.E4	acinar
X1000100302.E5	acinar
X1000100302.E7	epsilon
X1000100302.E9	gamma
X1000100302.F1	epsilon
X1000100302.F10	gamma
X1000100302.F11	ductal
X1000100302.F3	epsilon
X1000100302.F4	epsilon
X1000100302.F5	epsilon
X1000100302.F6	ductal
X1000100302.F7	epsilon
X1000100302.F8	epsilon
X1000100302.G10	acinar
X1000100302.G11	ductal
X1000100302.G12	ductal
X1000100302.G3	ductal
X1000100302.G4	acinar
X1000100302.G5	epsilon
X1000100302.G6	ductal
X1000100302.G7	epsilon
X1000100302.G8	epsilon
X1000100302.G9	epsilon
X1000100302.H1	acinar
X1000100302.H11	ductal
X1000100302.H12	epsilon
X1000100302.H3	epsilon
X1000100302.H6	acinar
X1000100302.H8	ductal
X1000100302.H9	beta
X1000100403.A1	mesenchymal
X1000100403.A10	mesenchymal
X1000100403.A11	mesenchymal
X1000100403.A12	mesenchymal
X1000100403.A2	mesenchymal
X1000100403.A3	mesenchymal
X1000100403.A4	mesenchymal
X1000100403.A5	mesenchymal
X1000100403.A6	mesenchymal
X1000100403.A7	mesenchymal
X1000100403.A8	mesenchymal
X1000100403.A9	mesenchymal
X1000100403.B1	mesenchymal
X1000100403.B10	mesenchymal
X1000100403.B11	mesenchymal
X1000100403.B12	mesenchymal
X1000100403.B2	mesenchymal
X1000100403.B3	mesenchymal
X1000100403.B4	mesenchymal
X1000100403.B5	mesenchymal
X1000100403.B7	mesenchymal
X1000100403.C1	mesenchymal
X1000100403.C10	mesenchymal
X1000100403.C11	mesenchymal
X1000100403.C12	mesenchymal
X1000100403.C2	mesenchymal
X1000100403.C3	mesenchymal
X1000100403.C4	mesenchymal
X1000100403.C5	mesenchymal
X1000100403.C7	endothelial
X1000100403.C8	mesenchymal
X1000100403.C9	endothelial
X1000100403.D1	mesenchymal
X1000100403.D10	mesenchymal
X1000100403.D11	mesenchymal
X1000100403.D12	delta
X1000100403.D2	mesenchymal
X1000100403.D4	mesenchymal
X1000100403.D5	mesenchymal
X1000100403.D6	mesenchymal
X1000100403.D7	mesenchymal
X1000100403.D8	mesenchymal
X1000100403.D9	endothelial
X1000100403.E1	endothelial
X1000100403.E10	endothelial
X1000100403.E11	mesenchymal
X1000100403.E12	mesenchymal
X1000100403.E2	mesenchymal
X1000100403.E3	mesenchymal
X1000100403.E4	mesenchymal
X1000100403.E5	mesenchymal
X1000100403.E6	mesenchymal
X1000100403.E8	mesenchymal
X1000100403.E9	mesenchymal
X1000100403.F1	mesenchymal
X1000100403.F10	mesenchymal
X1000100403.F11	mesenchymal
X1000100403.F2	mesenchymal
X1000100403.F3	endothelial
X1000100403.F5	mesenchymal
X1000100403.F7	ductal
X1000100403.F8	mesenchymal
X1000100403.F9	mesenchymal
X1000100403.G1	endothelial
X1000100403.G10	mesenchymal
X1000100403.G11	mesenchymal
X1000100403.G12	mesenchymal
X1000100403.G2	mesenchymal
X1000100403.G3	mesenchymal
X1000100403.G4	mesenchymal
X1000100403.G5	mesenchymal
X1000100403.G6	mesenchymal
X1000100403.G7	epsilon
X1000100403.G8	mesenchymal
X1000100403.G9	endothelial
X1000100403.H1	mesenchymal
X1000100403.H2	mesenchymal
X1000100403.H5	mesenchymal
X1000100403.H6	endothelial
X1000100403.H7	mesenchymal
X1000100501.A1	epsilon
X1000100501.A10	epsilon
X1000100501.A11	epsilon
X1000100501.A3	epsilon
X1000100501.A5	acinar
X1000100501.A6	ductal
X1000100501.A7	acinar
X1000100501.A9	acinar
X1000100501.B1	epsilon
X1000100501.B12	epsilon
X1000100501.B2	epsilon
X1000100501.B3	epsilon
X1000100501.B5	epsilon
X1000100501.B6	ductal
X1000100501.B7	ductal
X1000100501.B8	epsilon
X1000100501.B9	acinar
X1000100501.C1	acinar
X1000100501.C11	epsilon
X1000100501.C3	epsilon
X1000100501.C5	epsilon
X1000100501.C6	epsilon
X1000100501.C9	delta
X1000100501.D1	epsilon
X1000100501.D10	acinar
X1000100501.D11	epsilon
X1000100501.D2	epsilon
X1000100501.D4	epsilon
X1000100501.D5	acinar
X1000100501.D6	acinar
X1000100501.D9	epsilon
X1000100501.E1	epsilon
X1000100501.E10	epsilon
X1000100501.E11	epsilon
X1000100501.E12	acinar
X1000100501.E2	ductal
X1000100501.E3	acinar
X1000100501.E4	acinar
X1000100501.E5	epsilon
X1000100501.E8	acinar
X1000100501.E9	epsilon
X1000100501.F3	ductal
X1000100501.F4	ductal
X1000100501.F9	epsilon
X1000100501.G1	epsilon
X1000100501.G11	epsilon
X1000100501.G12	epsilon
X1000100501.G2	epsilon
X1000100501.G3	epsilon
X1000100501.G8	ductal
X1000100501.H1	acinar
X1000100501.H10	ductal
X1000100501.H3	epsilon
X1000100501.H4	epsilon
X1000100501.H5	epsilon
X1000100501.H7	epsilon
X1000100501.H8	ductal
X1000100501.H9	epsilon
X1000100502.A10	acinar
X1000100502.A11	epsilon
X1000100502.A2	acinar
X1000100502.A3	ductal
X1000100502.A6	acinar
X1000100502.A7	ductal
X1000100502.A8	gamma
X1000100502.A9	acinar
X1000100502.B1	ductal
X1000100502.B11	ductal
X1000100502.B2	ductal
X1000100502.B3	ductal
X1000100502.B8	ductal
X1000100502.C1	ductal
X1000100502.C11	ductal
X1000100502.C12	ductal
X1000100502.C2	ductal
X1000100502.C5	ductal
X1000100502.C6	ductal
X1000100502.C7	ductal
X1000100502.C8	ductal
X1000100502.C9	ductal
X1000100502.D10	acinar
X1000100502.D12	acinar
X1000100502.D2	acinar
X1000100502.D3	gamma
X1000100502.D5	ductal
X1000100502.D6	acinar
X1000100502.D8	ductal
X1000100502.E10	ductal
X1000100502.E11	acinar
X1000100502.E12	ductal
X1000100502.E2	acinar
X1000100502.E3	ductal
X1000100502.E4	ductal
X1000100502.E5	ductal
X1000100502.E6	epsilon
X1000100502.E7	ductal
X1000100502.E8	acinar
X1000100502.F1	ductal
X1000100502.F10	ductal
X1000100502.F11	epsilon
X1000100502.F2	ductal
X1000100502.F6	ductal
X1000100502.F7	ductal
X1000100502.G1	acinar
X1000100502.G12	epsilon
X1000100502.G3	acinar
X1000100502.G5	ductal
X1000100502.G6	ductal
X1000100502.G8	acinar
X1000100502.H11	ductal
X1000100502.H12	ductal
X1000100502.H2	acinar
X1000100502.H4	acinar
X1000100502.H6	ductal
X1000100502.H7	acinar
X1000100502.H9	acinar
X1000100801.A10	acinar
X1000100801.A2	ductal
X1000100801.A5	acinar
X1000100801.B10	acinar
X1000100801.B11	acinar
X1000100801.B12	acinar
X1000100801.B2	ductal
X1000100801.B4	ductal
X1000100801.B5	acinar
X1000100801.B7	ductal
X1000100801.B8	ductal
X1000100801.C1	ductal
X1000100801.C11	acinar
X1000100801.C12	ductal
X1000100801.C2	acinar
X1000100801.C5	acinar
X1000100801.C6	acinar
X1000100801.C8	ductal
X1000100801.C9	ductal
X1000100801.D12	ductal
X1000100801.D3	acinar
X1000100801.D4	acinar
X1000100801.D5	acinar
X1000100801.D8	ductal
X1000100801.E1	acinar
X1000100801.E10	epsilon
X1000100801.E12	ductal
X1000100801.E2	ductal
X1000100801.E6	ductal
X1000100801.E7	ductal
X1000100801.E8	acinar
X1000100801.F10	acinar
X1000100801.F11	ductal
X1000100801.F2	acinar
X1000100801.F7	acinar
X1000100801.G11	ductal
X1000100801.G12	epsilon
X1000100801.G2	acinar
X1000100801.G3	ductal
X1000100801.G4	acinar
X1000100801.G8	ductal
X1000100801.G9	epsilon
X1000100801.H10	acinar
X1000100801.H11	epsilon
X1000100801.H2	acinar
X1000100801.H3	acinar
X1000100801.H4	acinar
X1000100801.H7	ductal
X1000100801.H9	acinar
X1000100802.A3	epsilon
X1000100802.A7	acinar
X1000100802.B2	ductal
X1000100802.B3	acinar
X1000100802.B5	epsilon
X1000100802.B6	acinar
X1000100802.C1	epsilon
X1000100802.C11	acinar
X1000100802.C2	epsilon
X1000100802.C3	acinar
X1000100802.C4	epsilon
X1000100802.C7	epsilon
X1000100802.C9	epsilon
X1000100802.D11	epsilon
X1000100802.D4	epsilon
X1000100802.D7	ductal
X1000100802.E1	epsilon
X1000100802.E10	acinar
X1000100802.E11	epsilon
X1000100802.E4	epsilon
X1000100802.E8	epsilon
X1000100802.F8	acinar
X1000100802.G8	epsilon
X1000100802.H3	acinar
X1000100802.H5	epsilon
X1000100803.A11	acinar
X1000100803.A3	acinar
X1000100803.A4	epsilon
X1000100803.A8	ductal
X1000100803.A9	acinar
X1000100803.B1	acinar
X1000100803.B11	acinar
X1000100803.B5	acinar
X1000100803.C11	epsilon
X1000100803.C12	ductal
X1000100803.C2	acinar
X1000100803.C3	acinar
X1000100803.C5	acinar
X1000100803.C6	epsilon
X1000100803.C7	epsilon
X1000100803.C8	acinar
X1000100803.C9	epsilon
X1000100803.D1	acinar
X1000100803.D10	epsilon
X1000100803.D2	acinar
X1000100803.D3	acinar
X1000100803.D4	epsilon
X1000100803.D7	epsilon
X1000100803.E1	epsilon
X1000100803.E10	ductal
X1000100803.E4	epsilon
X1000100803.E8	acinar
X1000100803.F5	epsilon
X1000100803.G1	acinar
X1000100803.G11	epsilon
X1000100803.G4	ductal
X1000100803.G5	acinar
X1000100803.G7	acinar
X1000100803.H10	acinar
X1000100803.H11	acinar
X1000100803.H2	epsilon
X1000100803.H6	epsilon
X1000100803.H7	acinar
X1000100803.H8	acinar
X1000100901.A1	ductal
X1000100901.A3	acinar
X1000100901.A5	ductal
X1000100901.A6	ductal
X1000100901.B12	epsilon
X1000100901.B5	delta
X1000100901.B8	ductal
X1000100901.C7	acinar
X1000100901.D1	acinar
X1000100901.D10	acinar
X1000100901.D11	acinar
X1000100901.D2	epsilon
X1000100901.D4	ductal
X1000100901.E6	ductal
X1000100901.F11	ductal
X1000100901.F8	ductal
X1000100901.G1	acinar
X1000100901.G5	ductal
X1000100901.H6	acinar
X1000100901.H7	ductal
X1000100902.A2	acinar
X1000100902.B10	acinar
X1000100902.B11	epsilon
X1000100902.B6	acinar
X1000100902.C1	epsilon
X1000100902.C12	acinar
X1000100902.C2	acinar
X1000100902.C5	acinar
X1000100902.C6	acinar
X1000100902.C9	acinar
X1000100902.D3	acinar
X1000100902.D4	ductal
X1000100902.D8	epsilon
X1000100902.E10	epsilon
X1000100902.E12	epsilon
X1000100902.E5	acinar
X1000100902.F1	epsilon
X1000100902.F3	epsilon
X1000100902.F4	acinar
X1000100902.F6	acinar
X1000100902.F9	acinar
X1000100902.G10	epsilon
X1000100902.G5	epsilon
X1000100902.G6	acinar
X1000100902.G7	epsilon
X1000100902.H4	epsilon
X1000100902.H6	epsilon
X1000100902.H7	acinar
X1000100902.H9	acinar
X1000100903.A1	epsilon
X1000100903.A2	epsilon
X1000100903.A3	acinar
X1000100903.A6	epsilon
X1000100903.A8	epsilon
X1000100903.A9	epsilon
X1000100903.B12	epsilon
X1000100903.B4	epsilon
X1000100903.B6	epsilon
X1000100903.B9	acinar
X1000100903.C3	epsilon
X1000100903.C4	ductal
X1000100903.C9	epsilon
X1000100903.D1	acinar
X1000100903.D10	acinar
X1000100903.D5	acinar
X1000100903.D8	epsilon
X1000100903.E11	ductal
X1000100903.E12	epsilon
X1000100903.E9	epsilon
X1000100903.F10	acinar
X1000100903.F8	epsilon
X1000100903.F9	epsilon
X1000100903.G1	epsilon
X1000100903.G12	acinar
X1000100903.G7	alpha
X1000100903.H4	epsilon
X1000100903.H5	acinar
X1000100903.H7	epsilon
X1000101001.A1	acinar
X1000101001.A10	acinar
X1000101001.A3	acinar
X1000101001.A4	acinar
X1000101001.A5	acinar
X1000101001.A6	endothelial
X1000101001.A8	ductal
X1000101001.B10	acinar
X1000101001.B12	ductal
X1000101001.B3	acinar
X1000101001.B7	mesenchymal
X1000101001.B9	epsilon
X1000101001.C11	mesenchymal
X1000101001.C12	acinar
X1000101001.C3	ductal
X1000101001.C6	ductal
X1000101001.D10	acinar
X1000101001.D11	acinar
X1000101001.D12	acinar
X1000101001.D2	acinar
X1000101001.D4	acinar
X1000101001.D8	acinar
X1000101001.E1	acinar
X1000101001.E12	acinar
X1000101001.E3	ductal
X1000101001.E9	acinar
X1000101001.F5	acinar
X1000101001.F6	acinar
X1000101001.G11	ductal
X1000101001.G5	acinar
X1000101001.G6	acinar
X1000101001.H4	acinar
X1000101001.H6	acinar
X1000101002.A2	acinar
X1000101002.A3	acinar
X1000101002.A4	acinar
X1000101002.A6	acinar
X1000101002.A7	acinar
X1000101002.A8	acinar
X1000101002.B1	epsilon
X1000101002.B11	epsilon
X1000101002.B3	epsilon
X1000101002.B4	acinar
X1000101002.B5	epsilon
X1000101002.B7	acinar
X1000101002.B9	acinar
X1000101002.C10	epsilon
X1000101002.C12	acinar
X1000101002.C2	acinar
X1000101002.C7	epsilon
X1000101002.D1	epsilon
X1000101002.D6	epsilon
X1000101002.D7	epsilon
X1000101002.E1	acinar
X1000101002.E10	acinar
X1000101002.E2	acinar
X1000101002.E4	acinar
X1000101002.E6	acinar
X1000101002.E8	epsilon
X1000101002.F10	acinar
X1000101002.F12	epsilon
X1000101002.F2	acinar
X1000101002.F3	acinar
X1000101002.G12	beta
X1000101002.G2	acinar
X1000101002.G3	acinar
X1000101002.H2	epsilon
X1000101003.A2	acinar
X1000101003.A6	acinar
X1000101003.A7	acinar
X1000101003.A8	acinar
X1000101003.B1	endothelial
X1000101003.B10	epsilon
X1000101003.B11	acinar
X1000101003.B12	ductal
X1000101003.B3	ductal
X1000101003.B5	acinar
X1000101003.B7	acinar
X1000101003.B8	mesenchymal
X1000101003.C11	mesenchymal
X1000101003.C12	acinar
X1000101003.C5	ductal
X1000101003.C8	ductal
X1000101003.D1	acinar
X1000101003.D10	acinar
X1000101003.D3	acinar
X1000101003.D6	acinar
X1000101003.E10	acinar
X1000101003.E11	acinar
X1000101003.E12	acinar
X1000101003.E2	acinar
X1000101003.E4	acinar
X1000101003.E6	acinar
X1000101003.E9	ductal
X1000101003.F11	acinar
X1000101003.F2	acinar
X1000101003.F3	acinar
X1000101003.F4	acinar
X1000101003.F5	ductal
X1000101003.G1	acinar
X1000101003.G10	acinar
X1000101003.G4	acinar
X1000101003.G7	ductal
X1000101003.H10	acinar
X1000101003.H12	acinar
X1000101003.H3	acinar
X1000101003.H5	acinar
X1000101003.H8	acinar
X1000101003.H9	acinar
X1000101004.A2	epsilon
X1000101004.A6	acinar
X1000101004.A7	epsilon
X1000101004.A8	epsilon
X1000101004.A9	acinar
X1000101004.B1	epsilon
X1000101004.B10	acinar
X1000101004.B11	acinar
X1000101004.B12	epsilon
X1000101004.B3	epsilon
X1000101004.B5	epsilon
X1000101004.B7	acinar
X1000101004.B8	acinar
X1000101004.C11	acinar
X1000101004.C12	acinar
X1000101004.C5	acinar
X1000101004.C8	acinar
X1000101004.D1	epsilon
X1000101004.D10	beta
X1000101004.D3	acinar
X1000101004.D6	acinar
X1000101004.E10	acinar
X1000101004.E11	epsilon
X1000101004.E12	acinar
X1000101004.E2	epsilon
X1000101004.E4	acinar
X1000101004.E6	acinar
X1000101004.E9	epsilon
X1000101004.F11	acinar
X1000101004.F12	epsilon
X1000101004.F2	epsilon
X1000101004.F3	acinar
X1000101004.F4	mesenchymal
X1000101004.F5	acinar
X1000101004.G1	delta
X1000101004.G10	acinar
X1000101004.G4	delta
X1000101004.G7	epsilon
X1000101004.H10	delta
X1000101004.H12	epsilon
X1000101004.H3	acinar
X1000101004.H5	acinar
X1000101004.H6	acinar
X1000101004.H8	acinar
X1000101004.H9	acinar
X1000101005.A1	mesenchymal
X1000101005.A10	mesenchymal
X1000101005.A11	mesenchymal
X1000101005.A12	endothelial
X1000101005.A4	mesenchymal
X1000101005.A6	mesenchymal
X1000101005.A7	mesenchymal
X1000101005.A8	mesenchymal
X1000101005.A9	mesenchymal
X1000101005.B1	mesenchymal
X1000101005.B11	mesenchymal
X1000101005.B12	mesenchymal
X1000101005.B2	acinar
X1000101005.B3	mesenchymal
X1000101005.B5	mesenchymal
X1000101005.B6	mesenchymal
X1000101005.B7	endothelial
X1000101005.C1	mesenchymal
X1000101005.C10	mesenchymal
X1000101005.C11	mesenchymal
X1000101005.C2	mesenchymal
X1000101005.C4	delta
X1000101005.C6	mesenchymal
X1000101005.C7	mesenchymal
X1000101005.C9	mesenchymal
X1000101005.D1	mesenchymal
X1000101005.D10	mesenchymal
X1000101005.D11	mesenchymal
X1000101005.D12	acinar
X1000101005.D2	mesenchymal
X1000101005.D3	mesenchymal
X1000101005.D4	mesenchymal
X1000101005.D5	mesenchymal
X1000101005.D7	gamma
X1000101005.D8	mesenchymal
X1000101005.D9	delta
X1000101005.E1	mesenchymal
X1000101005.E10	mesenchymal
X1000101005.E11	mesenchymal
X1000101005.E12	mesenchymal
X1000101005.E2	endothelial
X1000101005.E3	mesenchymal
X1000101005.E5	mesenchymal
X1000101005.E8	mesenchymal
X1000101005.F1	mesenchymal
X1000101005.F10	epsilon
X1000101005.F11	mesenchymal
X1000101005.F12	mesenchymal
X1000101005.F2	delta
X1000101005.F4	endothelial
X1000101005.F6	mesenchymal
X1000101005.F7	mesenchymal
X1000101005.F9	mesenchymal
X1000101005.G1	delta
X1000101005.G10	mesenchymal
X1000101005.G11	acinar
X1000101005.G12	delta
X1000101005.G2	mesenchymal
X1000101005.G4	mesenchymal
X1000101005.G5	mesenchymal
X1000101005.G6	mesenchymal
X1000101005.G7	mesenchymal
X1000101005.G8	mesenchymal
X1000101005.G9	mesenchymal
X1000101005.H1	mesenchymal
X1000101005.H10	mesenchymal
X1000101005.H11	mesenchymal
X1000101005.H2	delta
X1000101005.H3	delta
X1000101005.H4	mesenchymal
X1000101005.H5	mesenchymal
X1000101005.H6	mesenchymal
X1000101005.H8	mesenchymal
X1000101005.H9	endothelial
X1000101301.A1	mesenchymal
X1000101301.A10	delta
X1000101301.A11	endothelial
X1000101301.A12	mesenchymal
X1000101301.A2	delta
X1000101301.A4	mesenchymal
X1000101301.A5	mesenchymal
X1000101301.A6	mesenchymal
X1000101301.A7	endothelial
X1000101301.A8	mesenchymal
X1000101301.A9	mesenchymal
X1000101301.B1	mesenchymal
X1000101301.B10	mesenchymal
X1000101301.B11	mesenchymal
X1000101301.B12	mesenchymal
X1000101301.B2	mesenchymal
X1000101301.B3	mesenchymal
X1000101301.B4	delta
X1000101301.B5	delta
X1000101301.B6	mesenchymal
X1000101301.B8	mesenchymal
X1000101301.B9	mesenchymal
X1000101301.C1	delta
X1000101301.C10	mesenchymal
X1000101301.C11	mesenchymal
X1000101301.C12	mesenchymal
X1000101301.C2	mesenchymal
X1000101301.C3	mesenchymal
X1000101301.C4	delta
X1000101301.C5	mesenchymal
X1000101301.C6	mesenchymal
X1000101301.C7	mesenchymal
X1000101301.C8	mesenchymal
X1000101301.C9	mesenchymal
X1000101301.D1	mesenchymal
X1000101301.D10	mesenchymal
X1000101301.D11	mesenchymal
X1000101301.D12	endothelial
X1000101301.D4	mesenchymal
X1000101301.D5	epsilon
X1000101301.D6	delta
X1000101301.D7	mesenchymal
X1000101301.D8	endothelial
X1000101301.D9	mesenchymal
X1000101301.E1	delta
X1000101301.E10	mesenchymal
X1000101301.E11	mesenchymal
X1000101301.E12	mesenchymal
X1000101301.E2	endothelial
X1000101301.E3	mesenchymal
X1000101301.E4	endothelial
X1000101301.E5	endothelial
X1000101301.E7	mesenchymal
X1000101301.E8	mesenchymal
X1000101301.E9	mesenchymal
X1000101301.F1	mesenchymal
X1000101301.F12	mesenchymal
X1000101301.F2	mesenchymal
X1000101301.F3	delta
X1000101301.F4	mesenchymal
X1000101301.F5	mesenchymal
X1000101301.F6	mesenchymal
X1000101301.F7	mesenchymal
X1000101301.F8	mesenchymal
X1000101301.F9	mesenchymal
X1000101301.G1	mesenchymal
X1000101301.G10	mesenchymal
X1000101301.G11	mesenchymal
X1000101301.G12	mesenchymal
X1000101301.G2	endothelial
X1000101301.G3	delta
X1000101301.G4	mesenchymal
X1000101301.G5	mesenchymal
X1000101301.G6	endothelial
X1000101301.G7	mesenchymal
X1000101301.G8	delta
X1000101301.G9	delta
X1000101301.H1	mesenchymal
X1000101301.H10	endothelial
X1000101301.H11	delta
X1000101301.H2	endothelial
X1000101301.H3	delta
X1000101301.H4	delta
X1000101301.H5	delta
X1000101301.H6	mesenchymal
X1000101301.H7	mesenchymal
X1000101301.H8	endothelial
X1000101301.H9	endothelial
X1000101302.A1	mesenchymal
X1000101302.A10	mesenchymal
X1000101302.A11	mesenchymal
X1000101302.A12	mesenchymal
X1000101302.A2	delta
X1000101302.A3	delta
X1000101302.A4	delta
X1000101302.A5	mesenchymal
X1000101302.A6	mesenchymal
X1000101302.A7	mesenchymal
X1000101302.A8	mesenchymal
X1000101302.A9	mesenchymal
X1000101302.B1	mesenchymal
X1000101302.B10	mesenchymal
X1000101302.B11	mesenchymal
X1000101302.B12	endothelial
X1000101302.B2	mesenchymal
X1000101302.B3	mesenchymal
X1000101302.B4	mesenchymal
X1000101302.B5	mesenchymal
X1000101302.B6	delta
X1000101302.B7	endothelial
X1000101302.B8	delta
X1000101302.B9	mesenchymal
X1000101302.C1	delta
X1000101302.C10	delta
X1000101302.C11	mesenchymal
X1000101302.C12	endothelial
X1000101302.C2	mesenchymal
X1000101302.C3	mesenchymal
X1000101302.C4	mesenchymal
X1000101302.C5	mesenchymal
X1000101302.C6	delta
X1000101302.C7	mesenchymal
X1000101302.C8	mesenchymal
X1000101302.C9	ductal
X1000101302.D1	mesenchymal
X1000101302.D10	mesenchymal
X1000101302.D11	delta
X1000101302.D12	mesenchymal
X1000101302.D2	delta
X1000101302.D3	mesenchymal
X1000101302.D4	mesenchymal
X1000101302.D5	mesenchymal
X1000101302.D6	epsilon
X1000101302.D7	delta
X1000101302.D8	endothelial
X1000101302.D9	delta
X1000101302.E1	mesenchymal
X1000101302.E10	delta
X1000101302.E11	mesenchymal
X1000101302.E12	delta
X1000101302.E2	delta
X1000101302.E3	delta
X1000101302.E4	mesenchymal
X1000101302.E5	mesenchymal
X1000101302.E6	delta
X1000101302.E7	mesenchymal
X1000101302.E8	mesenchymal
X1000101302.E9	mesenchymal
X1000101302.F1	mesenchymal
X1000101302.F10	mesenchymal
X1000101302.F11	epsilon
X1000101302.F12	mesenchymal
X1000101302.F2	mesenchymal
X1000101302.F3	mesenchymal
X1000101302.F4	mesenchymal
X1000101302.F5	mesenchymal
X1000101302.F6	mesenchymal
X1000101302.F7	endothelial
X1000101302.F8	mesenchymal
X1000101302.F9	mesenchymal
X1000101302.G1	endothelial
X1000101302.G10	endothelial
X1000101302.G11	mesenchymal
X1000101302.G12	mesenchymal
X1000101302.G2	mesenchymal
X1000101302.G3	delta
X1000101302.G4	mesenchymal
X1000101302.G5	mesenchymal
X1000101302.G6	epsilon
X1000101302.G7	mesenchymal
X1000101302.G8	mesenchymal
X1000101302.G9	delta
X1000101302.H1	mesenchymal
X1000101302.H10	mesenchymal
X1000101302.H11	ductal
X1000101302.H12	delta
X1000101302.H2	delta
X1000101302.H3	delta
X1000101302.H4	mesenchymal
X1000101302.H5	mesenchymal
X1000101302.H6	mesenchymal
X1000101302.H7	delta
X1000101302.H8	mesenchymal
X1000101302.H9	mesenchymal
X1000101303.A10	mesenchymal
X1000101303.A11	mesenchymal
X1000101303.A12	mesenchymal
X1000101303.A2	mesenchymal
X1000101303.A3	mesenchymal
X1000101303.A4	endothelial
X1000101303.A5	mesenchymal
X1000101303.A6	mesenchymal
X1000101303.A7	delta
X1000101303.A8	mesenchymal
X1000101303.A9	mesenchymal
X1000101303.B1	mesenchymal
X1000101303.B10	delta
X1000101303.B11	mesenchymal
X1000101303.B12	mesenchymal
X1000101303.B2	delta
X1000101303.B3	mesenchymal
X1000101303.B4	delta
X1000101303.B5	mesenchymal
X1000101303.B6	mesenchymal
X1000101303.B7	mesenchymal
X1000101303.B8	mesenchymal
X1000101303.B9	mesenchymal
X1000101303.C1	delta
X1000101303.C10	mesenchymal
X1000101303.C11	epsilon
X1000101303.C12	mesenchymal
X1000101303.C2	mesenchymal
X1000101303.C3	mesenchymal
X1000101303.C4	mesenchymal
X1000101303.C5	mesenchymal
X1000101303.C6	mesenchymal
X1000101303.C7	mesenchymal
X1000101303.C8	mesenchymal
X1000101303.C9	mesenchymal
X1000101303.D1	mesenchymal
X1000101303.D10	mesenchymal
X1000101303.D11	mesenchymal
X1000101303.D12	delta
X1000101303.D2	mesenchymal
X1000101303.D3	mesenchymal
X1000101303.D4	mesenchymal
X1000101303.D5	mesenchymal
X1000101303.D6	epsilon
X1000101303.D7	mesenchymal
X1000101303.D8	mesenchymal
X1000101303.D9	delta
X1000101303.E1	mesenchymal
X1000101303.E10	mesenchymal
X1000101303.E11	mesenchymal
X1000101303.E12	mesenchymal
X1000101303.E2	delta
X1000101303.E3	delta
X1000101303.E4	mesenchymal
X1000101303.E5	mesenchymal
X1000101303.E6	delta
X1000101303.E7	mesenchymal
X1000101303.E8	endothelial
X1000101303.E9	mesenchymal
X1000101303.F1	delta
X1000101303.F10	delta
X1000101303.F11	delta
X1000101303.F12	mesenchymal
X1000101303.F2	mesenchymal
X1000101303.F3	endothelial
X1000101303.F4	ductal
X1000101303.F5	mesenchymal
X1000101303.F6	mesenchymal
X1000101303.F7	mesenchymal
X1000101303.F8	delta
X1000101303.F9	mesenchymal
X1000101303.G1	mesenchymal
X1000101303.G10	delta
X1000101303.G11	mesenchymal
X1000101303.G12	mesenchymal
X1000101303.G2	mesenchymal
X1000101303.G3	delta
X1000101303.G4	ductal
X1000101303.G5	delta
X1000101303.G6	mesenchymal
X1000101303.G7	mesenchymal
X1000101303.G8	delta
X1000101303.G9	endothelial
X1000101303.H1	mesenchymal
X1000101303.H10	delta
X1000101303.H11	mesenchymal
X1000101303.H2	endothelial
X1000101303.H3	delta
X1000101303.H4	mesenchymal
X1000101303.H5	mesenchymal
X1000101303.H6	mesenchymal
X1000101303.H7	endothelial
X1000101303.H8	mesenchymal
X1000101303.H9	delta
X1000101306.A1	mesenchymal
X1000101306.A10	mesenchymal
X1000101306.A11	mesenchymal
X1000101306.A12	endothelial
X1000101306.A2	mesenchymal
X1000101306.A3	mesenchymal
X1000101306.A4	mesenchymal
X1000101306.A5	mesenchymal
X1000101306.A6	mesenchymal
X1000101306.A7	mesenchymal
X1000101306.A8	mesenchymal
X1000101306.A9	delta
X1000101306.B1	mesenchymal
X1000101306.B10	mesenchymal
X1000101306.B11	mesenchymal
X1000101306.B12	mesenchymal
X1000101306.B2	mesenchymal
X1000101306.B3	mesenchymal
X1000101306.B4	mesenchymal
X1000101306.B5	mesenchymal
X1000101306.B6	mesenchymal
X1000101306.B7	delta
X1000101306.B8	mesenchymal
X1000101306.B9	mesenchymal
X1000101306.C1	mesenchymal
X1000101306.C10	mesenchymal
X1000101306.C11	endothelial
X1000101306.C12	mesenchymal
X1000101306.C2	mesenchymal
X1000101306.C3	mesenchymal
X1000101306.C4	mesenchymal
X1000101306.C5	mesenchymal
X1000101306.C6	ductal
X1000101306.C7	delta
X1000101306.C8	mesenchymal
X1000101306.C9	mesenchymal
X1000101306.D1	mesenchymal
X1000101306.D10	mesenchymal
X1000101306.D11	mesenchymal
X1000101306.D12	mesenchymal
X1000101306.D2	mesenchymal
X1000101306.D3	mesenchymal
X1000101306.D4	mesenchymal
X1000101306.D5	delta
X1000101306.D6	mesenchymal
X1000101306.D7	mesenchymal
X1000101306.D8	delta
X1000101306.D9	mesenchymal
X1000101306.E1	mesenchymal
X1000101306.E10	delta
X1000101306.E11	mesenchymal
X1000101306.E12	endothelial
X1000101306.E2	mesenchymal
X1000101306.E3	mesenchymal
X1000101306.E4	delta
X1000101306.E5	delta
X1000101306.E6	mesenchymal
X1000101306.E7	mesenchymal
X1000101306.E8	epsilon
X1000101306.E9	mesenchymal
X1000101306.F1	mesenchymal
X1000101306.F10	mesenchymal
X1000101306.F11	mesenchymal
X1000101306.F12	mesenchymal
X1000101306.F2	mesenchymal
X1000101306.F3	mesenchymal
X1000101306.F4	delta
X1000101306.F5	endothelial
X1000101306.F6	mesenchymal
X1000101306.F7	mesenchymal
X1000101306.F8	mesenchymal
X1000101306.F9	mesenchymal
X1000101306.G1	mesenchymal
X1000101306.G10	epsilon
X1000101306.G11	mesenchymal
X1000101306.G12	delta
X1000101306.G2	mesenchymal
X1000101306.G3	mesenchymal
X1000101306.G4	ductal
X1000101306.G5	mesenchymal
X1000101306.G6	mesenchymal
X1000101306.G7	mesenchymal
X1000101306.G8	mesenchymal
X1000101306.G9	mesenchymal
X1000101306.H1	ductal
X1000101306.H10	mesenchymal
X1000101306.H11	mesenchymal
X1000101306.H12	delta
X1000101306.H2	delta
X1000101306.H3	endothelial
X1000101306.H4	mesenchymal
X1000101306.H5	mesenchymal
X1000101306.H6	delta
X1000101306.H7	mesenchymal
X1000101306.H8	mesenchymal
X1000101306.H9	mesenchymal
X1000101309.A1	mesenchymal
X1000101309.A10	delta
X1000101309.A11	mesenchymal
X1000101309.A12	mesenchymal
X1000101309.A2	mesenchymal
X1000101309.A3	mesenchymal
X1000101309.A4	delta
X1000101309.A5	mesenchymal
X1000101309.A6	mesenchymal
X1000101309.A7	mesenchymal
X1000101309.A8	mesenchymal
X1000101309.A9	mesenchymal
X1000101309.B1	delta
X1000101309.B10	mesenchymal
X1000101309.B11	mesenchymal
X1000101309.B12	mesenchymal
X1000101309.B2	delta
X1000101309.B3	mesenchymal
X1000101309.B4	mesenchymal
X1000101309.B5	mesenchymal
X1000101309.B6	mesenchymal
X1000101309.B7	mesenchymal
X1000101309.B8	mesenchymal
X1000101309.B9	delta
X1000101309.C1	mesenchymal
X1000101309.C10	delta
X1000101309.C11	ductal
X1000101309.C12	mesenchymal
X1000101309.C2	mesenchymal
X1000101309.C3	mesenchymal
X1000101309.C4	epsilon
X1000101309.C5	delta
X1000101309.C6	mesenchymal
X1000101309.C7	mesenchymal
X1000101309.C8	delta
X1000101309.C9	mesenchymal
X1000101309.D1	mesenchymal
X1000101309.D10	mesenchymal
X1000101309.D11	mesenchymal
X1000101309.D12	mesenchymal
X1000101309.D2	mesenchymal
X1000101309.D3	mesenchymal
X1000101309.D4	mesenchymal
X1000101309.D5	mesenchymal
X1000101309.D6	mesenchymal
X1000101309.D7	mesenchymal
X1000101309.D8	mesenchymal
X1000101309.D9	mesenchymal
X1000101309.E1	mesenchymal
X1000101309.E10	mesenchymal
X1000101309.E11	mesenchymal
X1000101309.E12	mesenchymal
X1000101309.E2	mesenchymal
X1000101309.E3	mesenchymal
X1000101309.E4	epsilon
X1000101309.E5	delta
X1000101309.E6	mesenchymal
X1000101309.E7	mesenchymal
X1000101309.E8	mesenchymal
X1000101309.E9	mesenchymal
X1000101309.F1	mesenchymal
X1000101309.F10	delta
X1000101309.F11	mesenchymal
X1000101309.F12	mesenchymal
X1000101309.F2	delta
X1000101309.F3	delta
X1000101309.F4	endothelial
X1000101309.F5	delta
X1000101309.F6	mesenchymal
X1000101309.F7	mesenchymal
X1000101309.F8	stellate
X1000101309.F9	mesenchymal
X1000101309.G1	mesenchymal
X1000101309.G10	mesenchymal
X1000101309.G11	mesenchymal
X1000101309.G12	mesenchymal
X1000101309.G2	delta
X1000101309.G3	mesenchymal
X1000101309.G4	delta
X1000101309.G5	mesenchymal
X1000101309.G6	mesenchymal
X1000101309.G7	mesenchymal
X1000101309.G8	mesenchymal
X1000101309.G9	mesenchymal
X1000101309.H1	mesenchymal
X1000101309.H10	mesenchymal
X1000101309.H11	acinar
X1000101309.H12	delta
X1000101309.H2	delta
X1000101309.H3	endothelial
X1000101309.H4	mesenchymal
X1000101309.H5	mesenchymal
X1000101309.H6	mesenchymal
X1000101309.H7	mesenchymal
X1000101309.H8	mesenchymal
X1000101309.H9	mesenchymal
X1000101401.A1	delta
X1000101401.A10	delta
X1000101401.A11	mesenchymal
X1000101401.A12	mesenchymal
X1000101401.A2	mesenchymal
X1000101401.A3	mesenchymal
X1000101401.A4	mesenchymal
X1000101401.A5	mesenchymal
X1000101401.A6	mesenchymal
X1000101401.A7	mesenchymal
X1000101401.A8	delta
X1000101401.A9	mesenchymal
X1000101401.B1	delta
X1000101401.B10	mesenchymal
X1000101401.B11	mesenchymal
X1000101401.B12	mesenchymal
X1000101401.B2	delta
X1000101401.B3	delta
X1000101401.B4	endothelial
X1000101401.B5	mesenchymal
X1000101401.B6	mesenchymal
X1000101401.B7	mesenchymal
X1000101401.B8	delta
X1000101401.B9	mesenchymal
X1000101401.C1	mesenchymal
X1000101401.C10	mesenchymal
X1000101401.C11	mesenchymal
X1000101401.C12	mesenchymal
X1000101401.C2	delta
X1000101401.C3	epsilon
X1000101401.C4	mesenchymal
X1000101401.C5	mesenchymal
X1000101401.C6	mesenchymal
X1000101401.C7	delta
X1000101401.C8	acinar
X1000101401.C9	ductal
X1000101401.D1	mesenchymal
X1000101401.D10	mesenchymal
X1000101401.D11	endothelial
X1000101401.D12	mesenchymal
X1000101401.D2	delta
X1000101401.D3	mesenchymal
X1000101401.D4	mesenchymal
X1000101401.D5	delta
X1000101401.D6	delta
X1000101401.D7	delta
X1000101401.D8	mesenchymal
X1000101401.D9	mesenchymal
X1000101401.E1	mesenchymal
X1000101401.E10	acinar
X1000101401.E11	mesenchymal
X1000101401.E12	mesenchymal
X1000101401.E2	acinar
X1000101401.E3	delta
X1000101401.E4	endothelial
X1000101401.E5	mesenchymal
X1000101401.E6	mesenchymal
X1000101401.E7	acinar
X1000101401.E8	delta
X1000101401.E9	mesenchymal
X1000101401.F1	mesenchymal
X1000101401.F10	mesenchymal
X1000101401.F11	mesenchymal
X1000101401.F12	mesenchymal
X1000101401.F2	mesenchymal
X1000101401.F3	epsilon
X1000101401.F4	epsilon
X1000101401.F5	mesenchymal
X1000101401.F6	endothelial
X1000101401.F7	mesenchymal
X1000101401.F8	mesenchymal
X1000101401.F9	mesenchymal
X1000101401.G1	mesenchymal
X1000101401.G10	acinar
X1000101401.G11	delta
X1000101401.G12	ductal
X1000101401.G2	mesenchymal
X1000101401.G3	acinar
X1000101401.G4	mesenchymal
X1000101401.G5	delta
X1000101401.G6	mesenchymal
X1000101401.G7	delta
X1000101401.G8	ductal
X1000101401.G9	delta
X1000101401.H1	mesenchymal
X1000101401.H10	delta
X1000101401.H11	delta
X1000101401.H12	mesenchymal
X1000101401.H2	acinar
X1000101401.H3	mesenchymal
X1000101401.H4	delta
X1000101401.H5	delta
X1000101401.H6	delta
X1000101401.H7	delta
X1000101401.H8	delta
X1000101401.H9	mesenchymal
X1000101404.A1	acinar
X1000101404.A10	mesenchymal
X1000101404.A12	mesenchymal
X1000101404.A2	endothelial
X1000101404.A3	ductal
X1000101404.A4	acinar
X1000101404.A5	delta
X1000101404.A6	acinar
X1000101404.A7	mesenchymal
X1000101404.B1	mesenchymal
X1000101404.B10	mesenchymal
X1000101404.B11	endothelial
X1000101404.B12	mesenchymal
X1000101404.B2	mesenchymal
X1000101404.B3	ductal
X1000101404.B4	mesenchymal
X1000101404.B5	endothelial
X1000101404.B6	mesenchymal
X1000101404.B7	delta
X1000101404.B9	delta
X1000101404.C1	mesenchymal
X1000101404.C10	mesenchymal
X1000101404.C11	mesenchymal
X1000101404.C12	mesenchymal
X1000101404.C2	mesenchymal
X1000101404.C3	mesenchymal
X1000101404.C4	mesenchymal
X1000101404.C5	mesenchymal
X1000101404.C6	mesenchymal
X1000101404.C7	mesenchymal
X1000101404.C8	mesenchymal
X1000101404.C9	delta
X1000101404.D1	mesenchymal
X1000101404.D10	mesenchymal
X1000101404.D11	mesenchymal
X1000101404.D12	mesenchymal
X1000101404.D2	mesenchymal
X1000101404.D3	endothelial
X1000101404.D4	mesenchymal
X1000101404.D5	mesenchymal
X1000101404.D6	delta
X1000101404.D7	mesenchymal
X1000101404.D8	mesenchymal
X1000101404.D9	mesenchymal
X1000101404.E1	delta
X1000101404.E10	mesenchymal
X1000101404.E11	mesenchymal
X1000101404.E12	mesenchymal
X1000101404.E2	mesenchymal
X1000101404.E3	epsilon
X1000101404.E4	delta
X1000101404.E5	mesenchymal
X1000101404.E6	mesenchymal
X1000101404.E7	mesenchymal
X1000101404.E8	mesenchymal
X1000101404.E9	mesenchymal
X1000101404.F1	mesenchymal
X1000101404.F11	mesenchymal
X1000101404.F12	mesenchymal
X1000101404.F2	mesenchymal
X1000101404.F3	mesenchymal
X1000101404.F4	endothelial
X1000101404.F5	mesenchymal
X1000101404.F6	delta
X1000101404.F7	endothelial
X1000101404.F8	mesenchymal
X1000101404.G1	acinar
X1000101404.G11	mesenchymal
X1000101404.G12	mesenchymal
X1000101404.G2	acinar
X1000101404.G3	mesenchymal
X1000101404.G4	epsilon
X1000101404.G5	mesenchymal
X1000101404.G6	mesenchymal
X1000101404.G7	mesenchymal
X1000101404.G8	mesenchymal
X1000101404.G9	delta
X1000101404.H1	acinar
X1000101404.H10	mesenchymal
X1000101404.H12	acinar
X1000101404.H2	acinar
X1000101404.H3	mesenchymal
X1000101404.H5	epsilon
X1000101404.H6	epsilon
X1000101404.H8	mesenchymal
X1000101404.H9	mesenchymal
X1000101801.A1	mesenchymal
X1000101801.A10	delta
X1000101801.A11	mesenchymal
X1000101801.A12	mesenchymal
X1000101801.A2	mesenchymal
X1000101801.A3	stellate
X1000101801.A4	mesenchymal
X1000101801.A5	delta
X1000101801.A6	mesenchymal
X1000101801.A7	mesenchymal
X1000101801.A8	mesenchymal
X1000101801.A9	stellate
X1000101801.B1	mesenchymal
X1000101801.B10	mesenchymal
X1000101801.B11	mesenchymal
X1000101801.B12	delta
X1000101801.B2	mesenchymal
X1000101801.B3	mesenchymal
X1000101801.B4	mesenchymal
X1000101801.B5	mesenchymal
X1000101801.B6	mesenchymal
X1000101801.B7	mesenchymal
X1000101801.B8	mesenchymal
X1000101801.B9	mesenchymal
X1000101801.C1	mesenchymal
X1000101801.C10	delta
X1000101801.C11	mesenchymal
X1000101801.C12	mesenchymal
X1000101801.C2	mesenchymal
X1000101801.C3	mesenchymal
X1000101801.C4	mesenchymal
X1000101801.C5	delta
X1000101801.C6	mesenchymal
X1000101801.C7	mesenchymal
X1000101801.C8	mesenchymal
X1000101801.C9	mesenchymal
X1000101801.D1	mesenchymal
X1000101801.D10	mesenchymal
X1000101801.D11	mesenchymal
X1000101801.D12	delta
X1000101801.D2	delta
X1000101801.D3	mesenchymal
X1000101801.D4	mesenchymal
X1000101801.D5	mesenchymal
X1000101801.D6	mesenchymal
X1000101801.D7	delta
X1000101801.D8	mesenchymal
X1000101801.D9	mesenchymal
X1000101801.E1	mesenchymal
X1000101801.E10	mesenchymal
X1000101801.E11	mesenchymal
X1000101801.E12	delta
X1000101801.E2	mesenchymal
X1000101801.E3	mesenchymal
X1000101801.E4	mesenchymal
X1000101801.E5	mesenchymal
X1000101801.E6	mesenchymal
X1000101801.E7	mesenchymal
X1000101801.E8	delta
X1000101801.E9	delta
X1000101801.F1	mesenchymal
X1000101801.F10	mesenchymal
X1000101801.F11	mesenchymal
X1000101801.F12	mesenchymal
X1000101801.F2	mesenchymal
X1000101801.F3	mesenchymal
X1000101801.F4	mesenchymal
X1000101801.F5	mesenchymal
X1000101801.F6	mesenchymal
X1000101801.F7	delta
X1000101801.F8	delta
X1000101801.F9	mesenchymal
X1000101801.G1	mesenchymal
X1000101801.G10	mesenchymal
X1000101801.G11	mesenchymal
X1000101801.G12	delta
X1000101801.G2	delta
X1000101801.G3	mesenchymal
X1000101801.G4	mesenchymal
X1000101801.G5	mesenchymal
X1000101801.G6	mesenchymal
X1000101801.G7	delta
X1000101801.G8	mesenchymal
X1000101801.G9	mesenchymal
X1000101801.H1	delta
X1000101801.H10	mesenchymal
X1000101801.H11	mesenchymal
X1000101801.H12	mesenchymal
X1000101801.H2	mesenchymal
X1000101801.H3	delta
X1000101801.H4	mesenchymal
X1000101801.H5	mesenchymal
X1000101801.H6	mesenchymal
X1000101801.H7	delta
X1000101801.H8	delta
X1000101801.H9	mesenchymal
X1000101802.A1	delta
X1000101802.A10	acinar
X1000101802.A11	acinar
X1000101802.A12	delta
X1000101802.A2	acinar
X1000101802.A3	delta
X1000101802.A4	acinar
X1000101802.A5	acinar
X1000101802.A6	delta
X1000101802.A7	epsilon
X1000101802.A8	epsilon
X1000101802.A9	epsilon
X1000101802.B1	delta
X1000101802.B10	delta
X1000101802.B11	epsilon
X1000101802.B12	acinar
X1000101802.B2	acinar
X1000101802.B3	acinar
X1000101802.B4	epsilon
X1000101802.B5	delta
X1000101802.B6	delta
X1000101802.B7	acinar
X1000101802.B8	delta
X1000101802.B9	epsilon
X1000101802.C1	mesenchymal
X1000101802.C10	epsilon
X1000101802.C11	delta
X1000101802.C12	acinar
X1000101802.C2	delta
X1000101802.C3	delta
X1000101802.C4	acinar
X1000101802.C5	epsilon
X1000101802.C6	delta
X1000101802.C7	epsilon
X1000101802.C8	acinar
X1000101802.C9	delta
X1000101802.D1	delta
X1000101802.D10	acinar
X1000101802.D11	acinar
X1000101802.D12	delta
X1000101802.D2	delta
X1000101802.D3	acinar
X1000101802.D4	acinar
X1000101802.D5	epsilon
X1000101802.D6	delta
X1000101802.D7	acinar
X1000101802.D8	acinar
X1000101802.D9	delta
X1000101802.E1	mesenchymal
X1000101802.E10	delta
X1000101802.E11	epsilon
X1000101802.E12	ductal
X1000101802.E2	epsilon
X1000101802.E3	delta
X1000101802.E4	acinar
X1000101802.E5	delta
X1000101802.E6	acinar
X1000101802.E7	acinar
X1000101802.E8	acinar
X1000101802.E9	delta
X1000101802.F1	mesenchymal
X1000101802.F10	acinar
X1000101802.F11	acinar
X1000101802.F12	acinar
X1000101802.F2	acinar
X1000101802.F3	acinar
X1000101802.F4	acinar
X1000101802.F5	delta
X1000101802.F6	acinar
X1000101802.F7	delta
X1000101802.F8	epsilon
X1000101802.F9	acinar
X1000101802.G1	mesenchymal
X1000101802.G10	acinar
X1000101802.G11	delta
X1000101802.G12	acinar
X1000101802.G2	epsilon
X1000101802.G3	delta
X1000101802.G4	acinar
X1000101802.G5	delta
X1000101802.G6	epsilon
X1000101802.G7	delta
X1000101802.G8	acinar
X1000101802.G9	epsilon
X1000101802.H1	delta
X1000101802.H10	delta
X1000101802.H11	epsilon
X1000101802.H12	delta
X1000101802.H2	acinar
X1000101802.H3	epsilon
X1000101802.H4	delta
X1000101802.H5	acinar
X1000101802.H6	epsilon
X1000101802.H7	acinar
X1000101802.H8	acinar
X1000101802.H9	acinar
X1000101803.A10	acinar
X1000101803.A11	ductal
X1000101803.A12	delta
X1000101803.A3	ductal
X1000101803.A4	ductal
X1000101803.A5	acinar
X1000101803.A6	acinar
X1000101803.A7	ductal
X1000101803.A8	ductal
X1000101803.B1	mesenchymal
X1000101803.B10	ductal
X1000101803.B2	ductal
X1000101803.B3	ductal
X1000101803.B4	acinar
X1000101803.B8	acinar
X1000101803.C4	acinar
X1000101803.C8	delta
X1000101803.D1	delta
X1000101803.D10	ductal
X1000101803.D11	ductal
X1000101803.D12	mesenchymal
X1000101803.D2	acinar
X1000101803.D3	delta
X1000101803.D4	acinar
X1000101803.D6	ductal
X1000101803.D8	ductal
X1000101803.D9	delta
X1000101803.E1	delta
X1000101803.E11	delta
X1000101803.E12	ductal
X1000101803.E5	mesenchymal
X1000101803.E6	ductal
X1000101803.E7	epsilon
X1000101803.E9	ductal
X1000101803.F1	ductal
X1000101803.F10	acinar
X1000101803.F11	delta
X1000101803.F12	delta
X1000101803.F2	ductal
X1000101803.F4	acinar
X1000101803.F6	delta
X1000101803.F7	ductal
X1000101803.F8	ductal
X1000101803.F9	ductal
X1000101803.G10	ductal
X1000101803.G3	delta
X1000101803.G4	ductal
X1000101803.G5	ductal
X1000101803.G6	ductal
X1000101803.G8	acinar
X1000101803.G9	ductal
X1000101803.H10	mesenchymal
X1000101803.H11	mesenchymal
X1000101803.H2	delta
X1000101803.H3	delta
X1000101901.A1	epsilon
X1000101901.A10	epsilon
X1000101901.A11	epsilon
X1000101901.A12	acinar
X1000101901.A2	epsilon
X1000101901.A3	epsilon
X1000101901.A4	epsilon
X1000101901.A5	epsilon
X1000101901.A6	epsilon
X1000101901.A7	epsilon
X1000101901.A8	acinar
X1000101901.A9	epsilon
X1000101901.B1	epsilon
X1000101901.B10	epsilon
X1000101901.B11	epsilon
X1000101901.B12	epsilon
X1000101901.B2	epsilon
X1000101901.B3	epsilon
X1000101901.B4	epsilon
X1000101901.B5	epsilon
X1000101901.B6	epsilon
X1000101901.B7	delta
X1000101901.B8	epsilon
X1000101901.B9	epsilon
X1000101901.C1	delta
X1000101901.C10	delta
X1000101901.C11	epsilon
X1000101901.C12	epsilon
X1000101901.C2	epsilon
X1000101901.C3	epsilon
X1000101901.C4	epsilon
X1000101901.C5	epsilon
X1000101901.C6	ductal
X1000101901.C7	epsilon
X1000101901.C8	epsilon
X1000101901.C9	epsilon
X1000101901.D1	delta
X1000101901.D10	epsilon
X1000101901.D11	epsilon
X1000101901.D12	epsilon
X1000101901.D2	epsilon
X1000101901.D3	epsilon
X1000101901.D4	epsilon
X1000101901.D5	epsilon
X1000101901.D6	epsilon
X1000101901.D7	mesenchymal
X1000101901.D8	epsilon
X1000101901.D9	epsilon
X1000101901.E1	delta
X1000101901.E10	epsilon
X1000101901.E11	epsilon
X1000101901.E12	epsilon
X1000101901.E2	delta
X1000101901.E3	epsilon
X1000101901.E4	epsilon
X1000101901.E5	delta
X1000101901.E6	acinar
X1000101901.E7	epsilon
X1000101901.E8	mesenchymal
X1000101901.E9	epsilon
X1000101901.F1	delta
X1000101901.F10	epsilon
X1000101901.F11	acinar
X1000101901.F12	acinar
X1000101901.F2	epsilon
X1000101901.F3	epsilon
X1000101901.F4	epsilon
X1000101901.F5	epsilon
X1000101901.F6	epsilon
X1000101901.F7	acinar
X1000101901.F8	epsilon
X1000101901.F9	acinar
X1000101901.G1	epsilon
X1000101901.G10	acinar
X1000101901.G11	epsilon
X1000101901.G12	epsilon
X1000101901.G2	epsilon
X1000101901.G3	epsilon
X1000101901.G4	epsilon
X1000101901.G5	acinar
X1000101901.G6	epsilon
X1000101901.G7	delta
X1000101901.G8	acinar
X1000101901.G9	epsilon
X1000101901.H1	epsilon
X1000101901.H10	delta
X1000101901.H11	alpha
X1000101901.H12	delta
X1000101901.H2	epsilon
X1000101901.H3	epsilon
X1000101901.H4	epsilon
X1000101901.H5	epsilon
X1000101901.H6	epsilon
X1000101901.H7	acinar
X1000101901.H8	epsilon
X1000101901.H9	epsilon
X1000101903.A1	acinar
X1000101903.A10	epsilon
X1000101903.A11	epsilon
X1000101903.A12	epsilon
X1000101903.A2	epsilon
X1000101903.A3	beta
X1000101903.A4	epsilon
X1000101903.A5	epsilon
X1000101903.A6	epsilon
X1000101903.A7	epsilon
X1000101903.A8	epsilon
X1000101903.A9	acinar
X1000101903.B1	epsilon
X1000101903.B10	epsilon
X1000101903.B12	epsilon
X1000101903.B2	epsilon
X1000101903.B3	epsilon
X1000101903.B4	epsilon
X1000101903.B5	epsilon
X1000101903.B7	epsilon
X1000101903.B8	epsilon
X1000101903.B9	epsilon
X1000101903.C1	epsilon
X1000101903.C10	mesenchymal
X1000101903.C11	epsilon
X1000101903.C12	epsilon
X1000101903.C2	epsilon
X1000101903.C3	epsilon
X1000101903.C4	acinar
X1000101903.C5	epsilon
X1000101903.C6	epsilon
X1000101903.C8	epsilon
X1000101903.C9	mesenchymal
X1000101903.D1	epsilon
X1000101903.D11	delta
X1000101903.D12	epsilon
X1000101903.D2	epsilon
X1000101903.D3	epsilon
X1000101903.D4	epsilon
X1000101903.D5	epsilon
X1000101903.D6	alpha
X1000101903.D7	epsilon
X1000101903.D9	epsilon
X1000101903.E1	epsilon
X1000101903.E10	epsilon
X1000101903.E11	epsilon
X1000101903.E12	epsilon
X1000101903.E4	epsilon
X1000101903.E6	epsilon
X1000101903.E7	epsilon
X1000101903.E8	epsilon
X1000101903.E9	epsilon
X1000101903.F1	acinar
X1000101903.F10	epsilon
X1000101903.F11	epsilon
X1000101903.F12	epsilon
X1000101903.F2	epsilon
X1000101903.F3	epsilon
X1000101903.F4	epsilon
X1000101903.F5	epsilon
X1000101903.F6	epsilon
X1000101903.F8	epsilon
X1000101903.F9	epsilon
X1000101903.G1	acinar
X1000101903.G10	epsilon
X1000101903.G11	epsilon
X1000101903.G12	acinar
X1000101903.G2	epsilon
X1000101903.G3	mesenchymal
X1000101903.G4	epsilon
X1000101903.G5	epsilon
X1000101903.G6	epsilon
X1000101903.G7	epsilon
X1000101903.G8	epsilon
X1000101903.G9	delta
X1000101903.H1	epsilon
X1000101903.H10	epsilon
X1000101903.H11	acinar
X1000101903.H2	acinar
X1000101903.H3	acinar
X1000101903.H4	epsilon
X1000101903.H5	epsilon
X1000101903.H6	epsilon
X1000101903.H7	epsilon
X1000101903.H8	epsilon
X1000101903.H9	epsilon
X1000102001.A1	epsilon
X1000102001.A10	acinar
X1000102001.A11	acinar
X1000102001.A12	acinar
X1000102001.A2	epsilon
X1000102001.A3	epsilon
X1000102001.A4	epsilon
X1000102001.A5	epsilon
X1000102001.A6	epsilon
X1000102001.A7	epsilon
X1000102001.A8	epsilon
X1000102001.A9	acinar
X1000102001.B1	acinar
X1000102001.B10	acinar
X1000102001.B11	acinar
X1000102001.B12	epsilon
X1000102001.B2	acinar
X1000102001.B3	acinar
X1000102001.B4	acinar
X1000102001.B5	delta
X1000102001.B6	epsilon
X1000102001.B7	epsilon
X1000102001.B8	acinar
X1000102001.B9	epsilon
X1000102001.C1	epsilon
X1000102001.C10	epsilon
X1000102001.C11	acinar
X1000102001.C12	delta
X1000102001.C2	acinar
X1000102001.C3	delta
X1000102001.C4	epsilon
X1000102001.C5	epsilon
X1000102001.C6	epsilon
X1000102001.C7	epsilon
X1000102001.C8	epsilon
X1000102001.C9	acinar
X1000102001.D1	acinar
X1000102001.D10	epsilon
X1000102001.D11	epsilon
X1000102001.D12	epsilon
X1000102001.D2	acinar
X1000102001.D3	epsilon
X1000102001.D4	epsilon
X1000102001.D5	epsilon
X1000102001.D6	acinar
X1000102001.D7	epsilon
X1000102001.D8	acinar
X1000102001.D9	delta
X1000102001.E1	delta
X1000102001.E10	epsilon
X1000102001.E11	acinar
X1000102001.E12	epsilon
X1000102001.E2	epsilon
X1000102001.E3	epsilon
X1000102001.E4	epsilon
X1000102001.E5	epsilon
X1000102001.E6	delta
X1000102001.E7	delta
X1000102001.E8	epsilon
X1000102001.E9	epsilon
X1000102001.F1	epsilon
X1000102001.F10	epsilon
X1000102001.F11	epsilon
X1000102001.F12	epsilon
X1000102001.F2	epsilon
X1000102001.F3	delta
X1000102001.F4	epsilon
X1000102001.F5	acinar
X1000102001.F6	delta
X1000102001.F7	acinar
X1000102001.F8	acinar
X1000102001.F9	delta
X1000102001.G1	acinar
X1000102001.G10	epsilon
X1000102001.G11	epsilon
X1000102001.G12	epsilon
X1000102001.G2	acinar
X1000102001.G3	epsilon
X1000102001.G4	epsilon
X1000102001.G5	epsilon
X1000102001.G6	epsilon
X1000102001.G7	epsilon
X1000102001.G8	acinar
X1000102001.G9	epsilon
X1000102001.H1	delta
X1000102001.H10	epsilon
X1000102001.H11	acinar
X1000102001.H12	delta
X1000102001.H2	epsilon
X1000102001.H3	delta
X1000102001.H4	epsilon
X1000102001.H5	epsilon
X1000102001.H6	epsilon
X1000102001.H7	delta
X1000102001.H8	mesenchymal
X1000102001.H9	epsilon
X1000102401.A10	epsilon
X1000102401.A11	epsilon
X1000102401.A12	epsilon
X1000102401.A2	epsilon
X1000102401.A3	acinar
X1000102401.A4	acinar
X1000102401.A5	delta
X1000102401.A6	acinar
X1000102401.A7	acinar
X1000102401.A8	acinar
X1000102401.A9	acinar
X1000102401.B1	epsilon
X1000102401.B11	epsilon
X1000102401.B12	epsilon
X1000102401.B2	epsilon
X1000102401.B4	acinar
X1000102401.B5	epsilon
X1000102401.B6	epsilon
X1000102401.B7	epsilon
X1000102401.B8	epsilon
X1000102401.B9	epsilon
X1000102401.C1	acinar
X1000102401.C10	epsilon
X1000102401.C11	acinar
X1000102401.C2	ductal
X1000102401.C3	acinar
X1000102401.C5	epsilon
X1000102401.C6	acinar
X1000102401.C8	epsilon
X1000102401.C9	epsilon
X1000102401.D1	epsilon
X1000102401.D10	acinar
X1000102401.D11	epsilon
X1000102401.D12	epsilon
X1000102401.D3	epsilon
X1000102401.D4	acinar
X1000102401.D5	epsilon
X1000102401.D6	acinar
X1000102401.D7	epsilon
X1000102401.D8	epsilon
X1000102401.D9	epsilon
X1000102401.E10	delta
X1000102401.E11	epsilon
X1000102401.E12	acinar
X1000102401.E2	acinar
X1000102401.E4	epsilon
X1000102401.E5	acinar
X1000102401.E6	epsilon
X1000102401.E7	epsilon
X1000102401.E9	delta
X1000102401.F1	epsilon
X1000102401.F10	acinar
X1000102401.F11	acinar
X1000102401.F12	epsilon
X1000102401.F2	acinar
X1000102401.F3	epsilon
X1000102401.F5	acinar
X1000102401.F6	epsilon
X1000102401.F7	acinar
X1000102401.F8	acinar
X1000102401.F9	epsilon
X1000102401.G1	acinar
X1000102401.G10	acinar
X1000102401.G11	epsilon
X1000102401.G12	acinar
X1000102401.G3	epsilon
X1000102401.G4	epsilon
X1000102401.G5	epsilon
X1000102401.G6	epsilon
X1000102401.G8	acinar
X1000102401.H1	epsilon
X1000102401.H10	epsilon
X1000102401.H11	epsilon
X1000102401.H2	delta
X1000102401.H3	epsilon
X1000102401.H4	epsilon
X1000102401.H5	acinar
X1000102401.H6	epsilon
X1000102401.H7	epsilon
X1000102401.H8	epsilon
X1000102401.H9	acinar
X1000102402.A1	acinar
X1000102402.A10	acinar
X1000102402.A11	acinar
X1000102402.A12	epsilon
X1000102402.A2	epsilon
X1000102402.A3	acinar
X1000102402.A4	epsilon
X1000102402.A5	epsilon
X1000102402.A6	acinar
X1000102402.A7	epsilon
X1000102402.A8	acinar
X1000102402.B1	acinar
X1000102402.B10	epsilon
X1000102402.B11	epsilon
X1000102402.B12	acinar
X1000102402.B3	epsilon
X1000102402.B4	epsilon
X1000102402.B5	acinar
X1000102402.B6	acinar
X1000102402.B7	acinar
X1000102402.B8	acinar
X1000102402.C1	acinar
X1000102402.C10	epsilon
X1000102402.C11	epsilon
X1000102402.C2	epsilon
X1000102402.C3	acinar
X1000102402.C5	epsilon
X1000102402.C8	epsilon
X1000102402.C9	epsilon
X1000102402.D1	epsilon
X1000102402.D10	epsilon
X1000102402.D11	delta
X1000102402.D12	epsilon
X1000102402.D2	epsilon
X1000102402.D3	acinar
X1000102402.D5	epsilon
X1000102402.D6	epsilon
X1000102402.D7	acinar
X1000102402.D8	epsilon
X1000102402.D9	delta
X1000102402.E1	acinar
X1000102402.E11	acinar
X1000102402.E12	epsilon
X1000102402.E2	acinar
X1000102402.E3	epsilon
X1000102402.E4	alpha
X1000102402.E5	epsilon
X1000102402.E6	epsilon
X1000102402.E8	epsilon
X1000102402.E9	epsilon
X1000102402.F1	acinar
X1000102402.F11	acinar
X1000102402.F12	epsilon
X1000102402.F2	epsilon
X1000102402.F5	acinar
X1000102402.F6	epsilon
X1000102402.F7	epsilon
X1000102402.F8	epsilon
X1000102402.F9	epsilon
X1000102402.G1	epsilon
X1000102402.G11	epsilon
X1000102402.G12	epsilon
X1000102402.G2	acinar
X1000102402.G3	epsilon
X1000102402.G4	delta
X1000102402.G5	ductal
X1000102402.G6	epsilon
X1000102402.G7	acinar
X1000102402.G8	epsilon
X1000102402.G9	epsilon
X1000102402.H1	acinar
X1000102402.H10	acinar
X1000102402.H11	acinar
X1000102402.H2	acinar
X1000102402.H3	epsilon
X1000102402.H4	epsilon
X1000102402.H5	epsilon
X1000102402.H6	epsilon
X1000102402.H7	acinar
X1000102402.H8	epsilon
X1000102402.H9	epsilon
X1000102403.A11	delta
X1000102403.A12	acinar
X1000102403.A3	acinar
X1000102403.A4	acinar
X1000102403.A6	acinar
X1000102403.A7	ductal
X1000102403.A8	delta
X1000102403.A9	delta
X1000102403.B1	acinar
X1000102403.B12	acinar
X1000102403.B6	acinar
X1000102403.B7	acinar
X1000102403.B8	acinar
X1000102403.B9	acinar
X1000102403.C1	endothelial
X1000102403.C11	acinar
X1000102403.C12	acinar
X1000102403.C3	mesenchymal
X1000102403.C4	endothelial
X1000102403.C5	acinar
X1000102403.C6	mesenchymal
X1000102403.C7	ductal
X1000102403.C8	acinar
X1000102403.D11	mesenchymal
X1000102403.D3	acinar
X1000102403.D4	acinar
X1000102403.D6	mesenchymal
X1000102403.D8	acinar
X1000102403.E1	delta
X1000102403.E11	acinar
X1000102403.E4	delta
X1000102403.E5	endothelial
X1000102403.E6	ductal
X1000102403.F1	mesenchymal
X1000102403.F10	acinar
X1000102403.F11	ductal
X1000102403.F3	acinar
X1000102403.F4	acinar
X1000102403.F8	mesenchymal
X1000102403.F9	acinar
X1000102403.G10	epsilon
X1000102403.G11	mesenchymal
X1000102403.G12	acinar
X1000102403.G2	acinar
X1000102403.G3	epsilon
X1000102403.G4	delta
X1000102403.G5	delta
X1000102403.G6	mesenchymal
X1000102403.H2	acinar
X1000102403.H3	epsilon
X1000102403.H6	acinar
X1000102403.H7	delta
X1000102403.H8	acinar
X1000102403.H9	delta
X1000102404.A1	mesenchymal
X1000102404.A10	delta
X1000102404.A11	mesenchymal
X1000102404.A12	mesenchymal
X1000102404.A2	mesenchymal
X1000102404.A3	mesenchymal
X1000102404.A4	mesenchymal
X1000102404.A5	mesenchymal
X1000102404.A6	mesenchymal
X1000102404.A7	mesenchymal
X1000102404.A8	delta
X1000102404.A9	mesenchymal
X1000102404.B1	mesenchymal
X1000102404.B10	mesenchymal
X1000102404.B11	mesenchymal
X1000102404.B12	mesenchymal
X1000102404.B2	endothelial
X1000102404.B4	mesenchymal
X1000102404.B6	mesenchymal
X1000102404.B7	mesenchymal
X1000102404.B8	mesenchymal
X1000102404.B9	mesenchymal
X1000102404.C1	mesenchymal
X1000102404.C10	mesenchymal
X1000102404.C11	mesenchymal
X1000102404.C12	acinar
X1000102404.C2	delta
X1000102404.C3	mesenchymal
X1000102404.C5	delta
X1000102404.C6	mesenchymal
X1000102404.C7	delta
X1000102404.C8	mesenchymal
X1000102404.C9	mesenchymal
X1000102404.D1	mesenchymal
X1000102404.D10	mesenchymal
X1000102404.D11	mesenchymal
X1000102404.D12	mesenchymal
X1000102404.D2	stellate
X1000102404.D3	mesenchymal
X1000102404.D5	mesenchymal
X1000102404.D6	mesenchymal
X1000102404.D8	mesenchymal
X1000102404.D9	mesenchymal
X1000102404.E1	mesenchymal
X1000102404.E10	mesenchymal
X1000102404.E11	mesenchymal
X1000102404.E12	mesenchymal
X1000102404.E2	endothelial
X1000102404.E3	mesenchymal
X1000102404.E4	mesenchymal
X1000102404.E5	delta
X1000102404.E6	mesenchymal
X1000102404.E7	mesenchymal
X1000102404.E8	mesenchymal
X1000102404.E9	mesenchymal
X1000102404.F1	mesenchymal
X1000102404.F10	mesenchymal
X1000102404.F12	mesenchymal
X1000102404.F2	mesenchymal
X1000102404.F3	mesenchymal
X1000102404.F4	delta
X1000102404.F5	mesenchymal
X1000102404.F6	mesenchymal
X1000102404.F7	mesenchymal
X1000102404.F8	mesenchymal
X1000102404.F9	mesenchymal
X1000102404.G1	mesenchymal
X1000102404.G10	delta
X1000102404.G11	mesenchymal
X1000102404.G12	delta
X1000102404.G2	mesenchymal
X1000102404.G4	mesenchymal
X1000102404.G5	mesenchymal
X1000102404.G7	mesenchymal
X1000102404.H1	mesenchymal
X1000102404.H10	mesenchymal
X1000102404.H11	mesenchymal
X1000102404.H2	mesenchymal
X1000102404.H4	mesenchymal
X1000102404.H5	mesenchymal
X1000102404.H6	mesenchymal
X1000102404.H7	mesenchymal
X1000102404.H8	mesenchymal
X1000102404.H9	mesenchymal
X1000102601.A4	acinar
X1000102601.A5	mesenchymal
X1000102601.B1	epsilon
X1000102601.B10	mesenchymal
X1000102601.B11	ductal
X1000102601.B3	mesenchymal
X1000102601.B4	mesenchymal
X1000102601.B7	acinar
X1000102601.C1	acinar
X1000102601.C3	endothelial
X1000102601.C4	delta
X1000102601.C7	delta
X1000102601.C9	ductal
X1000102601.D11	epsilon
X1000102601.D3	ductal
X1000102601.D5	ductal
X1000102601.D6	ductal
X1000102601.D8	acinar
X1000102601.E4	mesenchymal
X1000102601.E5	mesenchymal
X1000102601.E7	epsilon
X1000102601.F1	delta
X1000102601.F12	acinar
X1000102601.F4	mesenchymal
X1000102601.F6	delta
X1000102601.F7	delta
X1000102601.G2	delta
X1000102601.G9	epsilon
X1000102601.H10	delta
X1000102601.H11	acinar
X1000102601.H2	acinar
X1000102601.H3	acinar
X1000102601.H4	mesenchymal
X1000102601.H5	acinar
X1000102601.H7	acinar
X1000102602.A1	delta
X1000102602.A10	acinar
X1000102602.A11	epsilon
X1000102602.A12	acinar
X1000102602.A2	delta
X1000102602.A3	epsilon
X1000102602.A4	epsilon
X1000102602.A5	epsilon
X1000102602.A6	acinar
X1000102602.A8	acinar
X1000102602.B1	epsilon
X1000102602.B11	epsilon
X1000102602.B2	delta
X1000102602.B3	epsilon
X1000102602.B5	epsilon
X1000102602.B6	epsilon
X1000102602.B9	acinar
X1000102602.C1	acinar
X1000102602.C10	acinar
X1000102602.C11	acinar
X1000102602.C12	epsilon
X1000102602.C2	epsilon
X1000102602.C3	epsilon
X1000102602.C4	epsilon
X1000102602.C5	epsilon
X1000102602.C7	epsilon
X1000102602.C9	epsilon
X1000102602.D1	mesenchymal
X1000102602.D10	epsilon
X1000102602.D11	endothelial
X1000102602.D12	delta
X1000102602.D2	ductal
X1000102602.D3	acinar
X1000102602.D4	epsilon
X1000102602.D6	acinar
X1000102602.D7	epsilon
X1000102602.D9	epsilon
X1000102602.E1	epsilon
X1000102602.E10	epsilon
X1000102602.E12	epsilon
X1000102602.E2	epsilon
X1000102602.E3	epsilon
X1000102602.E4	epsilon
X1000102602.E6	epsilon
X1000102602.E7	epsilon
X1000102602.E8	acinar
X1000102602.F1	epsilon
X1000102602.F10	epsilon
X1000102602.F11	epsilon
X1000102602.F12	epsilon
X1000102602.F3	epsilon
X1000102602.F4	acinar
X1000102602.F5	epsilon
X1000102602.F6	acinar
X1000102602.F9	epsilon
X1000102602.G1	acinar
X1000102602.G11	epsilon
X1000102602.G3	epsilon
X1000102602.G4	epsilon
X1000102602.G5	epsilon
X1000102602.G6	epsilon
X1000102602.G7	epsilon
X1000102602.G9	epsilon
X1000102602.H11	epsilon
X1000102602.H2	epsilon
X1000102602.H4	epsilon
X1000102602.H6	alpha
X1000102602.H7	acinar
X1000102602.H9	epsilon
X1000102701.A12	acinar
X1000102701.A2	delta
X1000102701.A3	delta
X1000102701.A4	mesenchymal
X1000102701.A6	ductal
X1000102701.B10	delta
X1000102701.B11	mesenchymal
X1000102701.B12	delta
X1000102701.B3	acinar
X1000102701.B4	acinar
X1000102701.B5	delta
X1000102701.B6	delta
X1000102701.C10	epsilon
X1000102701.C12	acinar
X1000102701.C3	delta
X1000102701.D10	mesenchymal
X1000102701.D11	acinar
X1000102701.D12	delta
X1000102701.D4	acinar
X1000102701.D5	delta
X1000102701.D7	delta
X1000102701.E1	ductal
X1000102701.E11	delta
X1000102701.E12	mesenchymal
X1000102701.F1	delta
X1000102701.F10	delta
X1000102701.F4	delta
X1000102701.F7	delta
X1000102701.G11	delta
X1000102701.G12	mesenchymal
X1000102701.G5	ductal
X1000102701.G6	acinar
X1000102701.H1	delta
X1000102701.H11	ductal
X1000102701.H2	mesenchymal
X1000102701.H4	delta
X1000102701.H6	mesenchymal
X1000102701.H8	delta
X1000102702.A10	acinar
X1000102702.A11	acinar
X1000102702.A12	acinar
X1000102702.A4	delta
X1000102702.A5	acinar
X1000102702.A6	acinar
X1000102702.A9	acinar
X1000102702.B1	delta
X1000102702.B11	delta
X1000102702.B12	epsilon
X1000102702.B2	acinar
X1000102702.B3	epsilon
X1000102702.B4	delta
X1000102702.B6	epsilon
X1000102702.B7	acinar
X1000102702.C1	acinar
X1000102702.C10	acinar
X1000102702.C11	delta
X1000102702.C12	delta
X1000102702.C2	delta
X1000102702.C3	delta
X1000102702.C4	epsilon
X1000102702.C6	epsilon
X1000102702.C9	acinar
X1000102702.D1	acinar
X1000102702.D10	delta
X1000102702.D11	acinar
X1000102702.D12	delta
X1000102702.D2	epsilon
X1000102702.D8	delta
X1000102702.D9	acinar
X1000102702.E10	acinar
X1000102702.E11	delta
X1000102702.E12	acinar
X1000102702.E2	acinar
X1000102702.E4	delta
X1000102702.E6	acinar
X1000102702.E7	acinar
X1000102702.E8	delta
X1000102702.E9	acinar
X1000102702.F10	acinar
X1000102702.F12	delta
X1000102702.F2	epsilon
X1000102702.F3	acinar
X1000102702.F4	acinar
X1000102702.G1	acinar
X1000102702.G10	delta
X1000102702.G12	epsilon
X1000102702.G2	epsilon
X1000102702.G3	acinar
X1000102702.G4	delta
X1000102702.G5	delta
X1000102702.G8	beta
X1000102702.H1	acinar
X1000102702.H11	delta
X1000102702.H2	acinar
X1000102702.H3	acinar
X1000102702.H4	delta
X1000102702.H9	acinar
X1000102901.A1	mesenchymal
X1000102901.A11	endothelial
X1000102901.A12	delta
X1000102901.A3	delta
X1000102901.A4	delta
X1000102901.A5	endothelial
X1000102901.A7	endothelial
X1000102901.A8	acinar
X1000102901.A9	epsilon
X1000102901.B1	endothelial
X1000102901.B10	stellate
X1000102901.B11	delta
X1000102901.B12	delta
X1000102901.B3	endothelial
X1000102901.B4	endothelial
X1000102901.B6	ductal
X1000102901.B7	endothelial
X1000102901.B8	endothelial
X1000102901.C1	mesenchymal
X1000102901.C10	endothelial
X1000102901.C12	delta
X1000102901.C2	endothelial
X1000102901.C5	endothelial
X1000102901.C6	delta
X1000102901.C7	ductal
X1000102901.C8	endothelial
X1000102901.D1	ductal
X1000102901.D10	endothelial
X1000102901.D11	endothelial
X1000102901.D12	endothelial
X1000102901.D2	endothelial
X1000102901.D3	delta
X1000102901.D4	endothelial
X1000102901.D5	delta
X1000102901.D6	mesenchymal
X1000102901.D7	endothelial
X1000102901.D8	endothelial
X1000102901.D9	ductal
X1000102901.E1	ductal
X1000102901.E10	endothelial
X1000102901.E11	endothelial
X1000102901.E2	endothelial
X1000102901.E3	ductal
X1000102901.E4	epsilon
X1000102901.E5	endothelial
X1000102901.E6	acinar
X1000102901.E7	endothelial
X1000102901.F1	endothelial
X1000102901.F10	delta
X1000102901.F11	acinar
X1000102901.F12	endothelial
X1000102901.F3	acinar
X1000102901.F5	endothelial
X1000102901.F6	endothelial
X1000102901.F7	ductal
X1000102901.F8	endothelial
X1000102901.F9	endothelial
X1000102901.G10	endothelial
X1000102901.G12	endothelial
X1000102901.G2	endothelial
X1000102901.G4	delta
X1000102901.G5	ductal
X1000102901.G6	endothelial
X1000102901.G7	endothelial
X1000102901.G8	endothelial
X1000102901.H1	acinar
X1000102901.H10	endothelial
X1000102901.H11	endothelial
X1000102901.H2	acinar
X1000102901.H3	acinar
X1000102901.H4	mesenchymal
X1000102901.H5	acinar
X1000102901.H6	ductal
X1000102901.H7	delta
X1000102902.A11	mesenchymal
X1000102902.A12	mesenchymal
X1000102902.A3	mesenchymal
X1000102902.A6	mesenchymal
X1000102902.A8	delta
X1000102902.A9	mesenchymal
X1000102902.B1	mesenchymal
X1000102902.B10	mesenchymal
X1000102902.B2	delta
X1000102902.B4	delta
X1000102902.B9	mesenchymal
X1000102902.C10	mesenchymal
X1000102902.C12	endothelial
X1000102902.C3	mesenchymal
X1000102902.C5	mesenchymal
X1000102902.C7	mesenchymal
X1000102902.C8	mesenchymal
X1000102902.D1	endothelial
X1000102902.D10	mesenchymal
X1000102902.D11	mesenchymal
X1000102902.D12	endothelial
X1000102902.D2	mesenchymal
X1000102902.D3	endothelial
X1000102902.D4	mesenchymal
X1000102902.D5	endothelial
X1000102902.D7	mesenchymal
X1000102902.D8	mesenchymal
X1000102902.D9	mesenchymal
X1000102902.E1	delta
X1000102902.E10	mesenchymal
X1000102902.E11	delta
X1000102902.E12	mesenchymal
X1000102902.E3	mesenchymal
X1000102902.E4	mesenchymal
X1000102902.E5	endothelial
X1000102902.E6	mesenchymal
X1000102902.E7	mesenchymal
X1000102902.E8	endothelial
X1000102902.E9	mesenchymal
X1000102902.F1	mesenchymal
X1000102902.F11	endothelial
X1000102902.F12	mesenchymal
X1000102902.F2	mesenchymal
X1000102902.F3	mesenchymal
X1000102902.F5	mesenchymal
X1000102902.F6	mesenchymal
X1000102902.F7	endothelial
X1000102902.F8	mesenchymal
X1000102902.G1	mesenchymal
X1000102902.G12	mesenchymal
X1000102902.G3	mesenchymal
X1000102902.G4	mesenchymal
X1000102902.G5	mesenchymal
X1000102902.G6	endothelial
X1000102902.G7	mesenchymal
X1000102902.G8	delta
X1000102902.H10	mesenchymal
X1000102902.H11	endothelial
X1000102902.H3	mesenchymal
X1000102902.H5	mesenchymal
X1000102902.H9	mesenchymal
X1000102903.A1	acinar
X1000102903.A10	acinar
X1000102903.A11	acinar
X1000102903.A12	epsilon
X1000102903.A2	acinar
X1000102903.A3	ductal
X1000102903.A4	epsilon
X1000102903.A5	epsilon
X1000102903.A7	epsilon
X1000102903.A8	acinar
X1000102903.A9	epsilon
X1000102903.B1	acinar
X1000102903.B10	delta
X1000102903.B11	acinar
X1000102903.B2	epsilon
X1000102903.B3	acinar
X1000102903.B4	epsilon
X1000102903.B5	acinar
X1000102903.B6	ductal
X1000102903.B7	acinar
X1000102903.B8	epsilon
X1000102903.B9	epsilon
X1000102903.C1	epsilon
X1000102903.C10	delta
X1000102903.C11	acinar
X1000102903.C12	epsilon
X1000102903.C2	epsilon
X1000102903.C4	epsilon
X1000102903.C5	acinar
X1000102903.C6	epsilon
X1000102903.C7	delta
X1000102903.C8	delta
X1000102903.C9	delta
X1000102903.D1	epsilon
X1000102903.D10	acinar
X1000102903.D11	acinar
X1000102903.D2	acinar
X1000102903.D3	ductal
X1000102903.D4	acinar
X1000102903.D5	ductal
X1000102903.D6	epsilon
X1000102903.D7	ductal
X1000102903.D8	epsilon
X1000102903.D9	ductal
X1000102903.E3	epsilon
X1000102903.E4	epsilon
X1000102903.E5	ductal
X1000102903.E6	ductal
X1000102903.E7	epsilon
X1000102903.E8	ductal
X1000102903.E9	epsilon
X1000102903.F1	acinar
X1000102903.F10	epsilon
X1000102903.F12	acinar
X1000102903.F2	epsilon
X1000102903.F4	epsilon
X1000102903.F5	acinar
X1000102903.F6	acinar
X1000102903.F7	acinar
X1000102903.F8	acinar
X1000102903.F9	epsilon
X1000102903.G10	ductal
X1000102903.G12	epsilon
X1000102903.G2	ductal
X1000102903.G3	delta
X1000102903.G5	acinar
X1000102903.G8	epsilon
X1000102903.H1	delta
X1000102903.H10	delta
X1000102903.H11	delta
X1000102903.H2	acinar
X1000102903.H3	epsilon
X1000102903.H4	epsilon
X1000102903.H5	acinar
X1000102903.H6	acinar
X1000102903.H7	epsilon
X1000102903.H8	epsilon
X1000102903.H9	acinar
